/*!40101 SET @OLD_CHARACTER_SET_CLIENT=@@CHARACTER_SET_CLIENT */;
/*!40101 SET @OLD_CHARACTER_SET_RESULTS=@@CHARACTER_SET_RESULTS */;
/*!40101 SET @OLD_COLLATION_CONNECTION=@@COLLATION_CONNECTION */;
/*!40101 SET NAMES utf8 */;
/*!40014 SET @OLD_FOREIGN_KEY_CHECKS=@@FOREIGN_KEY_CHECKS, FOREIGN_KEY_CHECKS=0 */;
/*!40101 SET @OLD_SQL_MODE=@@SQL_MODE, SQL_MODE='NO_AUTO_VALUE_ON_ZERO' */;
/*!40111 SET @OLD_SQL_NOTES=@@SQL_NOTES, SQL_NOTES=0 */;

# auth table seed data
# ------------------------------------------------------------

LOCK TABLES `auth` WRITE;
/*!40000 ALTER TABLE `auth` DISABLE KEYS */;

INSERT INTO `auth` (`id`, `user_id`, `username`, `password_hash`, `password_salt`)
VALUES
	(1,'5','potatoaurora','d98213d33019356a49849c7ed421aefae01a94c26d013b9a1f7d7262e91f8f5f9eaf5f857059fe795e2b945498a4b35cb838eab4ae86a3b05dc0bd6f80df5457','eWh4EcbQQmYwDa6Qb26+8nrvIK2NxYdlEKxTP9ZJCbAuY7Xv1XO8gT9F2PYX8BoaqIK2sqINoJCWfdyp7yfWviDdb3Z2xTeTDfJdCUvTH5FlOfDsMWYmb8ChhrM4kBVNIFNejZ1LTPRizy8aXTO5V73obfbyLUGKVY63NV0oMnU='),
	(2,'2','gilbertsandy','56c9686c0da2d8e41c1f7c29bffee963faf823f84ece2a5cdbf513286e1eaff39f0e57f2e79e6da606f750592fb16046f8c2671decb526293322b6b2d8593e01','1N+arJnhPlsagcY70G+ZMWczaxWAu4Oqw7+CXv7hGGcXLXsN92jU++8BXtclGGiHPtgPeoEGQm7xF+euNgKU4BtneXksCdeV8EYA/v2OQcemdLU01aIPV7OZnmhKzDFT6raJQIgjA3gE5qvzFVqn8R/BDNFvvU3NuYTDZGf+RbA='),
	(3,'4','wilcowilco','de911793f6953a866af57b9c2dd4b7a25a806679087c7d17bdef31c07c73becc8adf3393217dab6c4ecb9f9000fb3ed3c4199847a598421cabaac05933b8fb8b','PIWgC4XA5LsP5W6mqZiQpFm/qS8+X/Xzz6wgYSN5/6wz/UD2+qXqx//lwGlstime_zoneOyYxMtndcuGLtLtUgzJInkRJo3LoMvtFF1r7PSG8W0q2TKH3fnW8hy/UzrUUC7cbEL5qQQ3WOBnklYvyJCTJhj0SbrSHKMfI2+JyZca+RrLMI='),
	(4,'3','bumpkinbumpkin','0f2d936dedd5649ce7c342aa4e93a8a3a7aeb69307c92e6c04221d7c5cedc41088a02418c17a989e6631a734297b4b200f971ce637bb0ed0baa4d0c8d80e579b','ZhimZxx/Zyt53S7hkBldMDxvhvkQZyLgdm8SGzILKF/Jc4hSaXb9OxZVti0hs9v12Rn51xMcmqbPVO9BHeFvh7JI4YlQrkV9/VNWOCW02aeO/b3GXAdNAg5dzJCRnSkbK/GaUIiDR767avdrfCNMC6F1mHZGNkzHnND6MWEmr4s='),
	(5,'1','wilcobopp','1a7f5f53a5439488d39508d961d9a345a1754a7c90e30e9f40b9a1fae66495736da52676c3815b6531bbe1171632487facc318f02a5b943d43d21d2faa90d5a6','UFZRv9494BtUqlR0vSffLCUD4Y4jvUnp2IR9JdIVKnuCzXnQW4+R0RMV3kGADFq5EXB2BphacngBMIyRNhljE6AS8cE88Xa1XSc4TCr0i4+558O0t2W9rApGRZ4cDTpqViPCirWurVqaurwSs7w8EM+8SQToLCjdmtHwi36sZcg=');

/*!40000 ALTER TABLE `auth` ENABLE KEYS */;
UNLOCK TABLES;

# event table seed data
# ------------------------------------------------------------

LOCK TABLES `event` WRITE;
/*!40000 ALTER TABLE `event` DISABLE KEYS */;

INSERT INTO `event` (`id`, `event_id`, `title`, `description`, `md5`, `start`, `end`, `allDay`, `users`, `active`, `created`, `updated`)
VALUES
	(1,'a8e1b69f-99fa-4b5a-8c65-827a17aacd57','yogurt tasting','2020-10-10T17:00:00Z (Sa Oct 10) to 2020-10-10T18:00:00Z (Sa Oct 10)','832d3aac24743c50b85e92e507597ac2','2020-10-10 17:00:00','2020-10-10 18:00:00',0,'5',1,'2020-10-21 20:56:00',NULL),
	(2,'d7f97875-298e-4321-ab88-79e636c957dc','yogurt tasting','2020-10-13T18:00:00Z (Tu Oct 13) to 2020-10-13T21:00:00Z (Tu Oct 13)','1a2d8873abfb9c0d3a0e56ee6ece3403','2020-10-13 18:00:00','2020-10-13 21:00:00',0,'5',1,'2020-10-21 20:56:00',NULL),
	(3,'8b122ff8-bcc1-467b-864b-61bc47a3eb67','yogurt tasting','2020-10-13T17:00:00Z (Tu Oct 13) to 2020-10-13T19:00:00Z (Tu Oct 13)','ab0012409b4f88be6b7e9b2269891599','2020-10-13 17:00:00','2020-10-13 19:00:00',0,'5',1,'2020-10-21 20:56:00',NULL),
	(4,'0eaa3bfc-ab04-49af-8068-c0c4ba7c384e','getting jacket zipper unstuck','2020-10-14T18:00:00Z (We Oct 14) to 2020-10-14T20:00:00Z (We Oct 14)','57407bab372a92f3becb9c632f29a554','2020-10-14 18:00:00','2020-10-14 20:00:00',0,'5',1,'2020-10-21 20:56:00',NULL),
	(5,'a291c894-9051-4e2c-b4e1-1a7b8abd83b0','at the dentist','2020-10-14T18:00:00Z (We Oct 14) to 2020-10-14T20:00:00Z (We Oct 14)','57407bab372a92f3becb9c632f29a554','2020-10-14 18:00:00','2020-10-14 20:00:00',0,'5',1,'2020-10-21 20:56:00',NULL),
	(6,'c3e93372-c3fd-40ed-aa92-63016f5dbdfe','at the dentist','2020-10-15T18:00:00Z (Th Oct 15) to 2020-10-15T21:00:00Z (Th Oct 15)','35a129f70fbf26d575e2107f040bafb5','2020-10-15 18:00:00','2020-10-15 21:00:00',0,'5',1,'2020-10-21 20:56:00',NULL),
	(7,'feb48b88-81e1-47b9-8593-4359d13b8d59','requirements meeting','2020-10-15T18:00:00Z (Th Oct 15) to 2020-10-15T19:00:00Z (Th Oct 15)','d45d82aa6c54f04421e81c29a5490134','2020-10-15 18:00:00','2020-10-15 19:00:00',0,'5',1,'2020-10-21 20:56:00',NULL),
	(8,'95394758-6c4a-40ca-a2e1-15e8818cf599','requirements meeting','2020-10-16T19:00:00Z (Fr Oct 16) to 2020-10-16T22:00:00Z (Fr Oct 16)','dea6f72cb5ea1238e4381fbcea3271a2','2020-10-16 19:00:00','2020-10-16 22:00:00',0,'5',1,'2020-10-21 20:56:00',NULL),
	(9,'91faa5c9-4843-4efd-b82d-01afc7a4dc56','yak brushing','2020-10-16T17:00:00Z (Fr Oct 16) to 2020-10-16T19:00:00Z (Fr Oct 16)','0fc1de48df2eba0209c40e1fc19b11b1','2020-10-16 17:00:00','2020-10-16 19:00:00',0,'5',1,'2020-10-21 20:56:00',NULL),
	(10,'7509dd35-113c-4d86-947a-d0bec249c879','at the dentist','2020-10-17T18:00:00Z (Sa Oct 17) to 2020-10-17T20:00:00Z (Sa Oct 17)','1479e0d079232765672d5ff74e97fa8f','2020-10-17 18:00:00','2020-10-17 20:00:00',0,'5',1,'2020-10-21 20:56:00',NULL),
	(11,'739fa085-6c05-4339-a6db-6c10c065cb4d','yak brushing','2020-10-11T19:00:00Z (Su Oct 11) to 2020-10-11T22:00:00Z (Su Oct 11)','4d6db361fc0b000c810f9f5a526f8664','2020-10-11 19:00:00','2020-10-11 22:00:00',0,'5',1,'2020-10-21 20:56:00',NULL),
	(12,'ba22741f-a918-45b3-8a8d-d03b46d20915','requirements meeting','2020-10-11T19:00:00Z (Su Oct 11) to 2020-10-11T22:00:00Z (Su Oct 11)','4d6db361fc0b000c810f9f5a526f8664','2020-10-11 19:00:00','2020-10-11 22:00:00',0,'5',1,'2020-10-21 20:56:00',NULL),
	(13,'a3ffd024-aaec-4f66-a2d0-ac9625642a79','at the dentist','2020-10-17T17:00:00Z (Sa Oct 17) to 2020-10-17T20:00:00Z (Sa Oct 17)','f73af20eccf1d675bf2cbea786bf70db','2020-10-17 17:00:00','2020-10-17 20:00:00',0,'5',1,'2020-10-21 20:56:00',NULL),
	(14,'351d122b-623b-4a84-a511-d9694af12ef6','yak brushing','2020-10-10T19:00:00Z (Sa Oct 10) to 2020-10-10T22:00:00Z (Sa Oct 10)','06a30491d02d3a935f2d9ab42f9069b5','2020-10-10 19:00:00','2020-10-10 22:00:00',0,'5',1,'2020-10-21 20:56:00',NULL),
	(15,'8f0256da-2d0a-4dcd-ae2e-ea41f7e18d41','taking car to get new novelty horn','2020-10-10T19:00:00Z (Sa Oct 10) to 2020-10-10T21:00:00Z (Sa Oct 10)','936c16df0fa718bc72a89c6901c19099','2020-10-10 19:00:00','2020-10-10 21:00:00',0,'2',1,'2020-10-21 20:56:00',NULL),
	(16,'228421a4-d00b-469e-b264-12e8606b815e','requirements meeting','2020-10-10T19:00:00Z (Sa Oct 10) to 2020-10-10T20:00:00Z (Sa Oct 10)','da8d172869a4817d1e336350d2c24af3','2020-10-10 19:00:00','2020-10-10 20:00:00',0,'2',1,'2020-10-21 20:56:00',NULL),
	(17,'30a82c23-f7f1-466a-9875-5e28228c78d9','requirements meeting','2020-10-12T19:00:00Z (Mo Oct 12) to 2020-10-12T20:00:00Z (Mo Oct 12)','9da5fbdf0935aebfdadacd7805808fe0','2020-10-12 19:00:00','2020-10-12 20:00:00',0,'5',1,'2020-10-21 20:56:00',NULL),
	(18,'39cf2ffd-0de5-4176-8034-63b732d1f642','at the dentist','2020-10-12T19:00:00Z (Mo Oct 12) to 2020-10-12T22:00:00Z (Mo Oct 12)','38308f4ff52325c5be41a610274733dd','2020-10-12 19:00:00','2020-10-12 22:00:00',0,'5',1,'2020-10-21 20:56:00',NULL),
	(19,'58dc1b3b-5a46-49e3-8222-abd4c5b9e55f','requirements meeting','2020-10-18T17:00:00Z (Su Oct 18) to 2020-10-18T19:00:00Z (Su Oct 18)','7ec280eaa6aa1192dbf703ec455ac235','2020-10-18 17:00:00','2020-10-18 19:00:00',0,'5',1,'2020-10-21 20:56:00',NULL),
	(20,'97b2c10c-ee4b-4b3f-bacd-44f7e9b9d7ed','requirements meeting','2020-10-18T17:00:00Z (Su Oct 18) to 2020-10-18T19:00:00Z (Su Oct 18)','7ec280eaa6aa1192dbf703ec455ac235','2020-10-18 17:00:00','2020-10-18 19:00:00',0,'5',1,'2020-10-21 20:56:00',NULL),
	(21,'809364e3-8f27-4db3-b08f-59f2d607d95c','taking car to get new novelty horn','2020-10-11T17:00:00Z (Su Oct 11) to 2020-10-11T18:00:00Z (Su Oct 11)','f863e0e104f863d79410703dc18ff1aa','2020-10-11 17:00:00','2020-10-11 18:00:00',0,'2',1,'2020-10-21 20:56:00',NULL),
	(22,'0ca36b9b-fefe-431f-bbc3-4eba50cb05fd','getting jacket zipper unstuck','2020-10-12T18:00:00Z (Mo Oct 12) to 2020-10-12T21:00:00Z (Mo Oct 12)','5cfd684df6f7be1b24bce80003bbba58','2020-10-12 18:00:00','2020-10-12 21:00:00',0,'2',1,'2020-10-21 20:56:00',NULL),
	(23,'1877a808-58da-4539-b0a8-3e85540c25e7','getting jacket zipper unstuck','2020-10-13T17:00:00Z (Tu Oct 13) to 2020-10-13T19:00:00Z (Tu Oct 13)','ab0012409b4f88be6b7e9b2269891599','2020-10-13 17:00:00','2020-10-13 19:00:00',0,'2',1,'2020-10-21 20:56:00',NULL),
	(24,'9d51de79-1220-43b8-8c9c-e28f6e2ac804','getting jacket zipper unstuck','2020-10-12T17:00:00Z (Mo Oct 12) to 2020-10-12T19:00:00Z (Mo Oct 12)','f5184887a674c3afa277545e65d40260','2020-10-12 17:00:00','2020-10-12 19:00:00',0,'2',1,'2020-10-21 20:56:00',NULL),
	(25,'7b1135c0-f5e8-4d46-ba0d-bf0f23d39028','getting jacket zipper unstuck','2020-10-13T18:00:00Z (Tu Oct 13) to 2020-10-13T19:00:00Z (Tu Oct 13)','6384b46ace027644f9cfe4c54011b445','2020-10-13 18:00:00','2020-10-13 19:00:00',0,'2',1,'2020-10-21 20:56:00',NULL),
	(26,'57f035d2-40a8-405f-9928-3200ac53b12d','yogurt tasting','2020-10-11T19:00:00Z (Su Oct 11) to 2020-10-11T21:00:00Z (Su Oct 11)','2183b65a5c53c0aebb1eb78f07511e8a','2020-10-11 19:00:00','2020-10-11 21:00:00',0,'2',1,'2020-10-21 20:56:00',NULL),
	(27,'5f1088fc-d09f-49eb-82aa-c7fe7a16cd36','yak brushing','2020-10-14T19:00:00Z (We Oct 14) to 2020-10-14T21:00:00Z (We Oct 14)','26dba9248092051ab3dc2e603410b377','2020-10-14 19:00:00','2020-10-14 21:00:00',0,'2',1,'2020-10-21 20:56:00',NULL),
	(28,'0a2d15d8-81dd-445f-8d4d-5cc38ddb1422','at the dentist','2020-10-14T19:00:00Z (We Oct 14) to 2020-10-14T21:00:00Z (We Oct 14)','26dba9248092051ab3dc2e603410b377','2020-10-14 19:00:00','2020-10-14 21:00:00',0,'2',1,'2020-10-21 20:56:00',NULL),
	(29,'643139c5-f681-46e4-983e-986c5248a541','yogurt tasting','2020-10-16T17:00:00Z (Fr Oct 16) to 2020-10-16T19:00:00Z (Fr Oct 16)','0fc1de48df2eba0209c40e1fc19b11b1','2020-10-16 17:00:00','2020-10-16 19:00:00',0,'2',1,'2020-10-21 20:56:00',NULL),
	(30,'dce0a32b-7bbc-4201-a9f6-db4f09507d64','at the dentist','2020-10-15T19:00:00Z (Th Oct 15) to 2020-10-15T20:00:00Z (Th Oct 15)','7211f53a360efbc3a73f35f08c5f177c','2020-10-15 19:00:00','2020-10-15 20:00:00',0,'2',1,'2020-10-21 20:56:00',NULL),
	(31,'0eba03ab-904a-4a73-b1aa-9d63cb9c6f72','yogurt tasting','2020-10-16T19:00:00Z (Fr Oct 16) to 2020-10-16T20:00:00Z (Fr Oct 16)','edd98894c3a31ff3d5cc3c8df14fcbf6','2020-10-16 19:00:00','2020-10-16 20:00:00',0,'2',1,'2020-10-21 20:56:00',NULL),
	(32,'d2f228aa-f3dd-43d1-840b-3a79d903353e','yak brushing','2020-10-18T18:00:00Z (Su Oct 18) to 2020-10-18T20:00:00Z (Su Oct 18)','8d6b3eec096c4f7aa265ea64fd76b17e','2020-10-18 18:00:00','2020-10-18 20:00:00',0,'2',1,'2020-10-21 20:56:00',NULL),
	(33,'d1cf9b64-47d9-40b6-8924-f6aad82dfb70','requirements meeting','2020-10-17T19:00:00Z (Sa Oct 17) to 2020-10-17T20:00:00Z (Sa Oct 17)','eafba6ef17c2d56d764579034fe66035','2020-10-17 19:00:00','2020-10-17 20:00:00',0,'2',1,'2020-10-21 20:56:00',NULL),
	(34,'43e91ed8-fecd-4fb4-97c5-9b1c87442c98','yogurt tasting','2020-10-17T17:00:00Z (Sa Oct 17) to 2020-10-17T19:00:00Z (Sa Oct 17)','cafc66c0301c535a79573c7d1bf13b20','2020-10-17 17:00:00','2020-10-17 19:00:00',0,'2',1,'2020-10-21 20:56:00',NULL),
	(35,'9fb65959-c2e4-45be-87c7-028774b5517a','yak brushing','2020-10-18T18:00:00Z (Su Oct 18) to 2020-10-18T21:00:00Z (Su Oct 18)','5ef993a73d254eb76212081180e69170','2020-10-18 18:00:00','2020-10-18 21:00:00',0,'2',1,'2020-10-21 20:56:00',NULL),
	(36,'ef88fcae-e64f-4303-9ab6-217d6b8c2d15','taking car to get new novelty horn','2020-10-15T17:00:00Z (Th Oct 15) to 2020-10-15T19:00:00Z (Th Oct 15)','860be14f4313a3e0cbba26515049a7e5','2020-10-15 17:00:00','2020-10-15 19:00:00',0,'2',1,'2020-10-21 20:56:00',NULL),
	(37,'740756ce-492b-469d-b1cd-b2a332fd9e17','fly-fishing competition','2020-10-10T17:00:00Z (Sa Oct 10) to 2020-10-10T18:00:00Z (Sa Oct 10)','832d3aac24743c50b85e92e507597ac2','2020-10-10 17:00:00','2020-10-10 18:00:00',0,'4',1,'2020-10-21 20:56:00',NULL),
	(38,'b454ebcf-a7a2-485e-a138-ac34ca7bff5e','getting jacket zipper unstuck','2020-10-11T17:00:00Z (Su Oct 11) to 2020-10-11T19:00:00Z (Su Oct 11)','9b9f3f062907b1a6e548b2595be4924e','2020-10-11 17:00:00','2020-10-11 19:00:00',0,'4',1,'2020-10-21 20:56:00',NULL),
	(39,'13735441-9aab-4663-833f-5d38ebb1d964','requirements meeting','2020-10-11T19:00:00Z (Su Oct 11) to 2020-10-11T21:00:00Z (Su Oct 11)','2183b65a5c53c0aebb1eb78f07511e8a','2020-10-11 19:00:00','2020-10-11 21:00:00',0,'4',1,'2020-10-21 20:56:00',NULL),
	(40,'1e4563a9-01e3-422b-95fd-c6c47575e581','yak brushing','2020-10-12T17:00:00Z (Mo Oct 12) to 2020-10-12T20:00:00Z (Mo Oct 12)','294a311e73ba9aecd70b6e9831599c25','2020-10-12 17:00:00','2020-10-12 20:00:00',0,'4',1,'2020-10-21 20:56:00',NULL),
	(41,'79c339c0-7be6-4804-84dc-171f0d1f8a29','requirements meeting','2020-10-10T17:00:00Z (Sa Oct 10) to 2020-10-10T18:00:00Z (Sa Oct 10)','832d3aac24743c50b85e92e507597ac2','2020-10-10 17:00:00','2020-10-10 18:00:00',0,'4',1,'2020-10-21 20:56:00',NULL),
	(42,'c0dedcbf-c704-4e9d-8aa0-d6938e8ebc5b','fly-fishing competition','2020-10-12T19:00:00Z (Mo Oct 12) to 2020-10-12T22:00:00Z (Mo Oct 12)','38308f4ff52325c5be41a610274733dd','2020-10-12 19:00:00','2020-10-12 22:00:00',0,'4',1,'2020-10-21 20:56:00',NULL),
	(43,'75fd08f5-b68e-4269-bd2b-da507aa279be','fly-fishing competition','2020-10-13T18:00:00Z (Tu Oct 13) to 2020-10-13T19:00:00Z (Tu Oct 13)','6384b46ace027644f9cfe4c54011b445','2020-10-13 18:00:00','2020-10-13 19:00:00',0,'4',1,'2020-10-21 20:56:00',NULL),
	(44,'22b59077-8ba2-4d65-b30d-d45f83063b0f','taking car to get new novelty horn','2020-10-14T17:00:00Z (We Oct 14) to 2020-10-14T19:00:00Z (We Oct 14)','47e244ba244cf5ea61e5504d21d6dd1f','2020-10-14 17:00:00','2020-10-14 19:00:00',0,'4',1,'2020-10-21 20:56:00',NULL),
	(45,'39241157-6f56-4712-95e9-e32ea89381bd','fly-fishing competition','2020-10-14T18:00:00Z (We Oct 14) to 2020-10-14T21:00:00Z (We Oct 14)','ea83c9f3fadd408d34a182ff1f76c5ab','2020-10-14 18:00:00','2020-10-14 21:00:00',0,'4',1,'2020-10-21 20:56:00',NULL),
	(46,'647f07b5-7c7c-490f-90af-3cb8cab84004','taking car to get new novelty horn','2020-10-15T19:00:00Z (Th Oct 15) to 2020-10-15T21:00:00Z (Th Oct 15)','bd3f8640b8b245758e622ecc123d1ca5','2020-10-15 19:00:00','2020-10-15 21:00:00',0,'4',1,'2020-10-21 20:56:00',NULL),
	(47,'676e3e48-80f7-49ac-97e8-4315ae57d1b8','yogurt tasting','2020-10-13T18:00:00Z (Tu Oct 13) to 2020-10-13T20:00:00Z (Tu Oct 13)','8ae0b2e166c3658a80d1528ac7b87edb','2020-10-13 18:00:00','2020-10-13 20:00:00',0,'4',1,'2020-10-21 20:56:00',NULL),
	(48,'7b996ae0-c8f4-40db-bb66-1566a48270c8','yogurt tasting','2020-10-15T19:00:00Z (Th Oct 15) to 2020-10-15T20:00:00Z (Th Oct 15)','7211f53a360efbc3a73f35f08c5f177c','2020-10-15 19:00:00','2020-10-15 20:00:00',0,'4',1,'2020-10-21 20:56:00',NULL),
	(49,'04b22fb4-8243-489b-97d6-49bdbaa2653c','fly-fishing competition','2020-10-17T19:00:00Z (Sa Oct 17) to 2020-10-17T21:00:00Z (Sa Oct 17)','5cbf2dac0eeacc8ef5cbf262e7134271','2020-10-17 19:00:00','2020-10-17 21:00:00',0,'4',1,'2020-10-21 20:56:00',NULL),
	(50,'3fa54d43-bc9d-4f82-a33b-cf1b9be9c95b','at the dentist','2020-10-16T19:00:00Z (Fr Oct 16) to 2020-10-16T21:00:00Z (Fr Oct 16)','9e3584d115b5f74970d9adde52155a46','2020-10-16 19:00:00','2020-10-16 21:00:00',0,'4',1,'2020-10-21 20:56:00',NULL),
	(51,'02b8a994-455a-4971-9695-437e793b77cf','yak brushing','2020-10-18T19:00:00Z (Su Oct 18) to 2020-10-18T21:00:00Z (Su Oct 18)','3a49bc147fc561d7edca8fd134a9e7b1','2020-10-18 19:00:00','2020-10-18 21:00:00',0,'4',1,'2020-10-21 20:56:00',NULL),
	(52,'d2403b2a-4c13-4892-8451-d95a87332fc1','yogurt tasting','2020-10-18T18:00:00Z (Su Oct 18) to 2020-10-18T19:00:00Z (Su Oct 18)','8bfeecbc3c4ecfb7977105eda71a0efe','2020-10-18 18:00:00','2020-10-18 19:00:00',0,'4',1,'2020-10-21 20:56:00',NULL),
	(53,'b4ce3cd5-ed80-404e-9c64-2fae8b77c3f4','taking car to get new novelty horn','2020-10-16T17:00:00Z (Fr Oct 16) to 2020-10-16T19:00:00Z (Fr Oct 16)','0fc1de48df2eba0209c40e1fc19b11b1','2020-10-16 17:00:00','2020-10-16 19:00:00',0,'4',1,'2020-10-21 20:56:00',NULL),
	(54,'4f649c6b-8423-44ad-81b9-9d4b23ada0f2','yogurt tasting','2020-10-17T17:00:00Z (Sa Oct 17) to 2020-10-17T20:00:00Z (Sa Oct 17)','f73af20eccf1d675bf2cbea786bf70db','2020-10-17 17:00:00','2020-10-17 20:00:00',0,'4',1,'2020-10-21 20:56:00',NULL),
	(55,'a7c32091-f793-4f09-9e54-6ad5af14010a','yogurt tasting','2020-10-10T19:00:00Z (Sa Oct 10) to 2020-10-10T22:00:00Z (Sa Oct 10)','06a30491d02d3a935f2d9ab42f9069b5','2020-10-10 19:00:00','2020-10-10 22:00:00',0,'3',1,'2020-10-21 20:56:00',NULL),
	(56,'edc6955f-fc2e-45f5-9624-97e971d03396','yak brushing','2020-10-12T18:00:00Z (Mo Oct 12) to 2020-10-12T21:00:00Z (Mo Oct 12)','5cfd684df6f7be1b24bce80003bbba58','2020-10-12 18:00:00','2020-10-12 21:00:00',0,'3',1,'2020-10-21 20:56:00',NULL),
	(57,'0a42c057-57bb-4b40-a376-227b32ae8bc7','getting jacket zipper unstuck','2020-10-10T18:00:00Z (Sa Oct 10) to 2020-10-10T19:00:00Z (Sa Oct 10)','82db3584c79d44cdae18d28e186ad7ce','2020-10-10 18:00:00','2020-10-10 19:00:00',0,'3',1,'2020-10-21 20:56:00',NULL),
	(58,'e667e50e-97a4-4a30-a22e-a6e9ee1d005f','yak brushing','2020-10-11T17:00:00Z (Su Oct 11) to 2020-10-11T18:00:00Z (Su Oct 11)','f863e0e104f863d79410703dc18ff1aa','2020-10-11 17:00:00','2020-10-11 18:00:00',0,'3',1,'2020-10-21 20:56:00',NULL),
	(59,'4afe1adf-9ff4-4e33-af81-4eccd8e22c0d','at the dentist','2020-10-11T18:00:00Z (Su Oct 11) to 2020-10-11T21:00:00Z (Su Oct 11)','18aed4c7c5151f6772e779110cb09307','2020-10-11 18:00:00','2020-10-11 21:00:00',0,'3',1,'2020-10-21 20:56:00',NULL),
	(60,'5a723244-c4a8-488c-b115-2d55b0d2b7d2','fly-fishing competition','2020-10-13T19:00:00Z (Tu Oct 13) to 2020-10-13T20:00:00Z (Tu Oct 13)','7388d9c9b5e9238534c692a9d3e3b5aa','2020-10-13 19:00:00','2020-10-13 20:00:00',0,'3',1,'2020-10-21 20:56:00',NULL),
	(61,'acdebaef-c6f6-40a8-969e-72d149b3a305','fly-fishing competition','2020-10-14T18:00:00Z (We Oct 14) to 2020-10-14T19:00:00Z (We Oct 14)','6ff7cf956fa2960dd730dbd12b978c65','2020-10-14 18:00:00','2020-10-14 19:00:00',0,'3',1,'2020-10-21 20:56:00',NULL),
	(62,'66daf4bc-5b59-4546-ae6b-14da574e86d1','taking car to get new novelty horn','2020-10-12T17:00:00Z (Mo Oct 12) to 2020-10-12T19:00:00Z (Mo Oct 12)','f5184887a674c3afa277545e65d40260','2020-10-12 17:00:00','2020-10-12 19:00:00',0,'3',1,'2020-10-21 20:56:00',NULL),
	(63,'b0d03021-4f53-4ed9-99bd-00f296e552ec','fly-fishing competition','2020-10-13T17:00:00Z (Tu Oct 13) to 2020-10-13T20:00:00Z (Tu Oct 13)','96458e485926edc88332ecdc575af967','2020-10-13 17:00:00','2020-10-13 20:00:00',0,'3',1,'2020-10-21 20:56:00',NULL),
	(64,'17c1d07e-b128-4957-b664-54447231df68','yogurt tasting','2020-10-15T18:00:00Z (Th Oct 15) to 2020-10-15T20:00:00Z (Th Oct 15)','95477664c5a5ba0367d1c1af56b9c465','2020-10-15 18:00:00','2020-10-15 20:00:00',0,'3',1,'2020-10-21 20:56:00',NULL),
	(65,'483899b7-aaa9-45a4-99bc-113839b1364d','yogurt tasting','2020-10-15T17:00:00Z (Th Oct 15) to 2020-10-15T20:00:00Z (Th Oct 15)','1e8dbdf1ef64c3e7aedf248a7f5e4a01','2020-10-15 17:00:00','2020-10-15 20:00:00',0,'3',1,'2020-10-21 20:56:00',NULL),
	(66,'8aa261ad-ee42-4c7f-b066-389daf5dc631','getting jacket zipper unstuck','2020-10-16T18:00:00Z (Fr Oct 16) to 2020-10-16T21:00:00Z (Fr Oct 16)','4ec6ce4b7dde2702829fe3945779b721','2020-10-16 18:00:00','2020-10-16 21:00:00',0,'3',1,'2020-10-21 20:56:00',NULL),
	(67,'1390a307-f3d2-4c5f-82ed-675f3c540712','requirements meeting','2020-10-16T17:00:00Z (Fr Oct 16) to 2020-10-16T18:00:00Z (Fr Oct 16)','d58c30cd3ab9431d24b1841a2ec80aa2','2020-10-16 17:00:00','2020-10-16 18:00:00',0,'3',1,'2020-10-21 20:56:00',NULL),
	(68,'9f7382c1-097f-4e5c-b832-4790fdea5a70','requirements meeting','2020-10-14T17:00:00Z (We Oct 14) to 2020-10-14T18:00:00Z (We Oct 14)','f50484136ffdd5574fbdbf4fa3d60439','2020-10-14 17:00:00','2020-10-14 18:00:00',0,'3',1,'2020-10-21 20:56:00',NULL),
	(69,'be71a75a-5a09-41be-a5c8-eb13a7d6a577','at the dentist','2020-10-17T17:00:00Z (Sa Oct 17) to 2020-10-17T20:00:00Z (Sa Oct 17)','f73af20eccf1d675bf2cbea786bf70db','2020-10-17 17:00:00','2020-10-17 20:00:00',0,'3',1,'2020-10-21 20:56:00',NULL),
	(70,'a9220b17-8e63-4528-8d3d-6bb2428f5310','getting jacket zipper unstuck','2020-10-17T17:00:00Z (Sa Oct 17) to 2020-10-17T20:00:00Z (Sa Oct 17)','f73af20eccf1d675bf2cbea786bf70db','2020-10-17 17:00:00','2020-10-17 20:00:00',0,'3',1,'2020-10-21 20:56:00',NULL),
	(71,'366aed2b-0985-4f66-95d9-cb0045bb2e60','requirements meeting','2020-10-18T17:00:00Z (Su Oct 18) to 2020-10-18T18:00:00Z (Su Oct 18)','ab58fa8d5f8989c4c2c9638804aff421','2020-10-18 17:00:00','2020-10-18 18:00:00',0,'3',1,'2020-10-21 20:56:00',NULL),
	(72,'072ff688-098e-4f18-951c-c674df3d5d54','taking car to get new novelty horn','2020-10-18T19:00:00Z (Su Oct 18) to 2020-10-18T21:00:00Z (Su Oct 18)','3a49bc147fc561d7edca8fd134a9e7b1','2020-10-18 19:00:00','2020-10-18 21:00:00',0,'3',1,'2020-10-21 20:56:00',NULL),
	(73,'0b290c6f-5941-4c23-9546-524ba78e4302','taking car to get new novelty horn','2020-10-11T17:00:00Z (Su Oct 11) to 2020-10-11T18:00:00Z (Su Oct 11)','f863e0e104f863d79410703dc18ff1aa','2020-10-11 17:00:00','2020-10-11 18:00:00',0,'1',1,'2020-10-21 20:56:00',NULL),
	(74,'1543246b-4ee3-4f60-8e30-221d61689971','getting jacket zipper unstuck','2020-10-12T16:00:00Z (Mo Oct 12) to 2020-10-12T17:00:00Z (Mo Oct 12)','91ffeee031f894106e934f1627e8e09d','2020-10-12 16:00:00','2020-10-12 17:00:00',0,'1',1,'2020-10-21 20:56:00',NULL),
	(75,'00baff33-5595-4c82-aa3c-11dc0bde1a2a','yak brushing','2020-10-10T16:00:00Z (Sa Oct 10) to 2020-10-10T18:00:00Z (Sa Oct 10)','de1e60d2dc43854a01163d05f41263b6','2020-10-10 16:00:00','2020-10-10 18:00:00',0,'1',1,'2020-10-21 20:56:00',NULL),
	(76,'a0dd3861-ace8-4946-8a57-699d628f9624','taking car to get new novelty horn','2020-10-10T15:00:00Z (Sa Oct 10) to 2020-10-10T17:00:00Z (Sa Oct 10)','c477a39ed5f521cb7624dbbd3e5c4670','2020-10-10 15:00:00','2020-10-10 17:00:00',0,'1',1,'2020-10-21 20:56:00',NULL),
	(77,'d6dff0bf-4714-48b3-a52f-d393170fa289','yak brushing','2020-10-11T16:00:00Z (Su Oct 11) to 2020-10-11T19:00:00Z (Su Oct 11)','99663c35d73730b9f518141c17392bfd','2020-10-11 16:00:00','2020-10-11 19:00:00',0,'1',1,'2020-10-21 20:56:00',NULL),
	(78,'b2059800-f7ba-4c39-ab90-59548275b107','fly-fishing competition','2020-10-13T16:00:00Z (Tu Oct 13) to 2020-10-13T17:00:00Z (Tu Oct 13)','7524855854a2e321fc110f5506fa432c','2020-10-13 16:00:00','2020-10-13 17:00:00',0,'1',1,'2020-10-21 20:56:00',NULL),
	(79,'a14bd01e-5364-4de1-b85a-8445e6b0a67a','at the dentist','2020-10-12T17:00:00Z (Mo Oct 12) to 2020-10-12T20:00:00Z (Mo Oct 12)','294a311e73ba9aecd70b6e9831599c25','2020-10-12 17:00:00','2020-10-12 20:00:00',0,'1',1,'2020-10-21 20:56:00',NULL),
	(80,'580a3e49-65cb-4e10-b584-469a7e0ea72b','yak brushing','2020-10-13T15:00:00Z (Tu Oct 13) to 2020-10-13T16:00:00Z (Tu Oct 13)','fa11b73c994493027783dbdff74295f0','2020-10-13 15:00:00','2020-10-13 16:00:00',0,'1',1,'2020-10-21 20:56:00',NULL),
	(81,'577dfa7f-772a-4066-b96e-4fa08228a548','yak brushing','2020-10-15T15:00:00Z (Th Oct 15) to 2020-10-15T18:00:00Z (Th Oct 15)','a138ffb4775de79670bf65ba207ca6e1','2020-10-15 15:00:00','2020-10-15 18:00:00',0,'1',1,'2020-10-21 20:56:00',NULL),
	(82,'4e1d2e44-8852-414c-b43b-11f44af0df79','fly-fishing competition','2020-10-14T17:00:00Z (We Oct 14) to 2020-10-14T20:00:00Z (We Oct 14)','cb687f897d088edb39d038d06783231b','2020-10-14 17:00:00','2020-10-14 20:00:00',0,'1',1,'2020-10-21 20:56:00',NULL),
	(83,'ce85ee5c-a423-45fa-be4f-c3f0c7b468e9','requirements meeting','2020-10-14T15:00:00Z (We Oct 14) to 2020-10-14T17:00:00Z (We Oct 14)','0da4740beca7181fcf30f968bd097301','2020-10-14 15:00:00','2020-10-14 17:00:00',0,'1',1,'2020-10-21 20:56:00',NULL),
	(84,'d9561178-d026-494a-8dab-91d53dace8d4','taking car to get new novelty horn','2020-10-17T17:00:00Z (Sa Oct 17) to 2020-10-17T19:00:00Z (Sa Oct 17)','cafc66c0301c535a79573c7d1bf13b20','2020-10-17 17:00:00','2020-10-17 19:00:00',0,'1',1,'2020-10-21 20:56:00',NULL),
	(85,'39887678-fd5e-4cb1-aba4-be1512699d56','at the dentist','2020-10-15T17:00:00Z (Th Oct 15) to 2020-10-15T19:00:00Z (Th Oct 15)','860be14f4313a3e0cbba26515049a7e5','2020-10-15 17:00:00','2020-10-15 19:00:00',0,'1',1,'2020-10-21 20:56:00',NULL),
	(86,'573e790c-28bf-42cb-98d6-35897088e9ef','requirements meeting','2020-10-16T16:00:00Z (Fr Oct 16) to 2020-10-16T17:00:00Z (Fr Oct 16)','43f8b6912508ced9409037690909bbc4','2020-10-16 16:00:00','2020-10-16 17:00:00',0,'1',1,'2020-10-21 20:56:00',NULL),
	(87,'1b4e2ecb-6114-4329-98b6-c7319c3c1aae','fly-fishing competition','2020-10-16T15:00:00Z (Fr Oct 16) to 2020-10-16T16:00:00Z (Fr Oct 16)','4a60f0dc667aa0a33400ccdc253490db','2020-10-16 15:00:00','2020-10-16 16:00:00',0,'1',1,'2020-10-21 20:56:00',NULL),
	(88,'35258284-46aa-4c77-ad10-d5b147a8e542','fly-fishing competition','2020-10-17T16:00:00Z (Sa Oct 17) to 2020-10-17T18:00:00Z (Sa Oct 17)','821251cbd8160517285d5e0700b17507','2020-10-17 16:00:00','2020-10-17 18:00:00',0,'1',1,'2020-10-21 20:56:00',NULL),
	(89,'5fbcfd94-ce5e-41d9-8de2-5072f0478b9b','at the dentist','2020-10-18T15:00:00Z (Su Oct 18) to 2020-10-18T18:00:00Z (Su Oct 18)','7ee18d18e55a3d1f2cedb28aa3f48b53','2020-10-18 15:00:00','2020-10-18 18:00:00',0,'1',1,'2020-10-21 20:56:00',NULL),
	(90,'c83618a7-1011-469b-9164-8b5bb05f477d','fly-fishing competition','2020-10-18T16:00:00Z (Su Oct 18) to 2020-10-18T18:00:00Z (Su Oct 18)','b7d9852eca41eaa0a4a3a762a5573b31','2020-10-18 16:00:00','2020-10-18 18:00:00',0,'1',1,'2020-10-21 20:56:00',NULL);

/*!40000 ALTER TABLE `event` ENABLE KEYS */;
UNLOCK TABLES;


# event_user table seed data
# ------------------------------------------------------------

LOCK TABLES `event_user` WRITE;
/*!40000 ALTER TABLE `event_user` DISABLE KEYS */;

INSERT INTO `event_user` (`id`, `user_id`, `event_id`, `start`, `end`, `md5_range`)
VALUES
	(1,'5','a8e1b69f-99fa-4b5a-8c65-827a17aacd57','2020-10-10 17:00:00','2020-10-10 17:00:00','832d3aac24743c50b85e92e507597ac2'),
	(2,'5','d7f97875-298e-4321-ab88-79e636c957dc','2020-10-13 18:00:00','2020-10-13 18:00:00','1a2d8873abfb9c0d3a0e56ee6ece3403'),
	(3,'5','8b122ff8-bcc1-467b-864b-61bc47a3eb67','2020-10-13 17:00:00','2020-10-13 17:00:00','ab0012409b4f88be6b7e9b2269891599'),
	(4,'5','95394758-6c4a-40ca-a2e1-15e8818cf599','2020-10-16 19:00:00','2020-10-16 19:00:00','dea6f72cb5ea1238e4381fbcea3271a2'),
	(5,'5','0eaa3bfc-ab04-49af-8068-c0c4ba7c384e','2020-10-14 18:00:00','2020-10-14 18:00:00','57407bab372a92f3becb9c632f29a554'),
	(6,'5','a291c894-9051-4e2c-b4e1-1a7b8abd83b0','2020-10-14 18:00:00','2020-10-14 18:00:00','57407bab372a92f3becb9c632f29a554'),
	(7,'5','feb48b88-81e1-47b9-8593-4359d13b8d59','2020-10-15 18:00:00','2020-10-15 18:00:00','d45d82aa6c54f04421e81c29a5490134'),
	(8,'5','c3e93372-c3fd-40ed-aa92-63016f5dbdfe','2020-10-15 18:00:00','2020-10-15 18:00:00','35a129f70fbf26d575e2107f040bafb5'),
	(9,'5','91faa5c9-4843-4efd-b82d-01afc7a4dc56','2020-10-16 17:00:00','2020-10-16 17:00:00','0fc1de48df2eba0209c40e1fc19b11b1'),
	(10,'5','7509dd35-113c-4d86-947a-d0bec249c879','2020-10-17 18:00:00','2020-10-17 18:00:00','1479e0d079232765672d5ff74e97fa8f'),
	(11,'5','739fa085-6c05-4339-a6db-6c10c065cb4d','2020-10-11 19:00:00','2020-10-11 19:00:00','4d6db361fc0b000c810f9f5a526f8664'),
	(12,'2','228421a4-d00b-469e-b264-12e8606b815e','2020-10-10 19:00:00','2020-10-10 19:00:00','da8d172869a4817d1e336350d2c24af3'),
	(13,'2','8f0256da-2d0a-4dcd-ae2e-ea41f7e18d41','2020-10-10 19:00:00','2020-10-10 19:00:00','936c16df0fa718bc72a89c6901c19099'),
	(14,'5','ba22741f-a918-45b3-8a8d-d03b46d20915','2020-10-11 19:00:00','2020-10-11 19:00:00','4d6db361fc0b000c810f9f5a526f8664'),
	(15,'5','97b2c10c-ee4b-4b3f-bacd-44f7e9b9d7ed','2020-10-18 17:00:00','2020-10-18 17:00:00','7ec280eaa6aa1192dbf703ec455ac235'),
	(16,'5','30a82c23-f7f1-466a-9875-5e28228c78d9','2020-10-12 19:00:00','2020-10-12 19:00:00','9da5fbdf0935aebfdadacd7805808fe0'),
	(17,'5','351d122b-623b-4a84-a511-d9694af12ef6','2020-10-10 19:00:00','2020-10-10 19:00:00','06a30491d02d3a935f2d9ab42f9069b5'),
	(18,'5','39cf2ffd-0de5-4176-8034-63b732d1f642','2020-10-12 19:00:00','2020-10-12 19:00:00','38308f4ff52325c5be41a610274733dd'),
	(19,'5','58dc1b3b-5a46-49e3-8222-abd4c5b9e55f','2020-10-18 17:00:00','2020-10-18 17:00:00','7ec280eaa6aa1192dbf703ec455ac235'),
	(20,'2','0ca36b9b-fefe-431f-bbc3-4eba50cb05fd','2020-10-12 18:00:00','2020-10-12 18:00:00','5cfd684df6f7be1b24bce80003bbba58'),
	(21,'5','a3ffd024-aaec-4f66-a2d0-ac9625642a79','2020-10-17 17:00:00','2020-10-17 17:00:00','f73af20eccf1d675bf2cbea786bf70db'),
	(22,'2','1877a808-58da-4539-b0a8-3e85540c25e7','2020-10-13 17:00:00','2020-10-13 17:00:00','ab0012409b4f88be6b7e9b2269891599'),
	(23,'2','9d51de79-1220-43b8-8c9c-e28f6e2ac804','2020-10-12 17:00:00','2020-10-12 17:00:00','f5184887a674c3afa277545e65d40260'),
	(24,'2','57f035d2-40a8-405f-9928-3200ac53b12d','2020-10-11 19:00:00','2020-10-11 19:00:00','2183b65a5c53c0aebb1eb78f07511e8a'),
	(25,'2','809364e3-8f27-4db3-b08f-59f2d607d95c','2020-10-11 17:00:00','2020-10-11 17:00:00','f863e0e104f863d79410703dc18ff1aa'),
	(26,'2','5f1088fc-d09f-49eb-82aa-c7fe7a16cd36','2020-10-14 19:00:00','2020-10-14 19:00:00','26dba9248092051ab3dc2e603410b377'),
	(27,'2','ef88fcae-e64f-4303-9ab6-217d6b8c2d15','2020-10-15 17:00:00','2020-10-15 17:00:00','860be14f4313a3e0cbba26515049a7e5'),
	(28,'2','d1cf9b64-47d9-40b6-8924-f6aad82dfb70','2020-10-17 19:00:00','2020-10-17 19:00:00','eafba6ef17c2d56d764579034fe66035'),
	(29,'2','0a2d15d8-81dd-445f-8d4d-5cc38ddb1422','2020-10-14 19:00:00','2020-10-14 19:00:00','26dba9248092051ab3dc2e603410b377'),
	(30,'2','643139c5-f681-46e4-983e-986c5248a541','2020-10-16 17:00:00','2020-10-16 17:00:00','0fc1de48df2eba0209c40e1fc19b11b1'),
	(31,'2','dce0a32b-7bbc-4201-a9f6-db4f09507d64','2020-10-15 19:00:00','2020-10-15 19:00:00','7211f53a360efbc3a73f35f08c5f177c'),
	(32,'2','9fb65959-c2e4-45be-87c7-028774b5517a','2020-10-18 18:00:00','2020-10-18 18:00:00','5ef993a73d254eb76212081180e69170'),
	(33,'2','7b1135c0-f5e8-4d46-ba0d-bf0f23d39028','2020-10-13 18:00:00','2020-10-13 18:00:00','6384b46ace027644f9cfe4c54011b445'),
	(34,'2','43e91ed8-fecd-4fb4-97c5-9b1c87442c98','2020-10-17 17:00:00','2020-10-17 17:00:00','cafc66c0301c535a79573c7d1bf13b20'),
	(35,'2','0eba03ab-904a-4a73-b1aa-9d63cb9c6f72','2020-10-16 19:00:00','2020-10-16 19:00:00','edd98894c3a31ff3d5cc3c8df14fcbf6'),
	(36,'2','d2f228aa-f3dd-43d1-840b-3a79d903353e','2020-10-18 18:00:00','2020-10-18 18:00:00','8d6b3eec096c4f7aa265ea64fd76b17e'),
	(37,'4','79c339c0-7be6-4804-84dc-171f0d1f8a29','2020-10-10 17:00:00','2020-10-10 17:00:00','832d3aac24743c50b85e92e507597ac2'),
	(38,'4','75fd08f5-b68e-4269-bd2b-da507aa279be','2020-10-13 18:00:00','2020-10-13 18:00:00','6384b46ace027644f9cfe4c54011b445'),
	(39,'4','1e4563a9-01e3-422b-95fd-c6c47575e581','2020-10-12 17:00:00','2020-10-12 17:00:00','294a311e73ba9aecd70b6e9831599c25'),
	(40,'4','22b59077-8ba2-4d65-b30d-d45f83063b0f','2020-10-14 17:00:00','2020-10-14 17:00:00','47e244ba244cf5ea61e5504d21d6dd1f'),
	(41,'4','39241157-6f56-4712-95e9-e32ea89381bd','2020-10-14 18:00:00','2020-10-14 18:00:00','ea83c9f3fadd408d34a182ff1f76c5ab'),
	(42,'4','647f07b5-7c7c-490f-90af-3cb8cab84004','2020-10-15 19:00:00','2020-10-15 19:00:00','bd3f8640b8b245758e622ecc123d1ca5'),
	(43,'4','b454ebcf-a7a2-485e-a138-ac34ca7bff5e','2020-10-11 17:00:00','2020-10-11 17:00:00','9b9f3f062907b1a6e548b2595be4924e'),
	(44,'4','676e3e48-80f7-49ac-97e8-4315ae57d1b8','2020-10-13 18:00:00','2020-10-13 18:00:00','8ae0b2e166c3658a80d1528ac7b87edb'),
	(45,'4','02b8a994-455a-4971-9695-437e793b77cf','2020-10-18 19:00:00','2020-10-18 19:00:00','3a49bc147fc561d7edca8fd134a9e7b1'),
	(46,'4','04b22fb4-8243-489b-97d6-49bdbaa2653c','2020-10-17 19:00:00','2020-10-17 19:00:00','5cbf2dac0eeacc8ef5cbf262e7134271'),
	(47,'4','3fa54d43-bc9d-4f82-a33b-cf1b9be9c95b','2020-10-16 19:00:00','2020-10-16 19:00:00','9e3584d115b5f74970d9adde52155a46'),
	(48,'4','7b996ae0-c8f4-40db-bb66-1566a48270c8','2020-10-15 19:00:00','2020-10-15 19:00:00','7211f53a360efbc3a73f35f08c5f177c'),
	(49,'4','b4ce3cd5-ed80-404e-9c64-2fae8b77c3f4','2020-10-16 17:00:00','2020-10-16 17:00:00','0fc1de48df2eba0209c40e1fc19b11b1'),
	(50,'4','4f649c6b-8423-44ad-81b9-9d4b23ada0f2','2020-10-17 17:00:00','2020-10-17 17:00:00','f73af20eccf1d675bf2cbea786bf70db'),
	(51,'4','13735441-9aab-4663-833f-5d38ebb1d964','2020-10-11 19:00:00','2020-10-11 19:00:00','2183b65a5c53c0aebb1eb78f07511e8a'),
	(52,'4','d2403b2a-4c13-4892-8451-d95a87332fc1','2020-10-18 18:00:00','2020-10-18 18:00:00','8bfeecbc3c4ecfb7977105eda71a0efe'),
	(53,'3','a7c32091-f793-4f09-9e54-6ad5af14010a','2020-10-10 19:00:00','2020-10-10 19:00:00','06a30491d02d3a935f2d9ab42f9069b5'),
	(54,'3','0a42c057-57bb-4b40-a376-227b32ae8bc7','2020-10-10 18:00:00','2020-10-10 18:00:00','82db3584c79d44cdae18d28e186ad7ce'),
	(55,'4','740756ce-492b-469d-b1cd-b2a332fd9e17','2020-10-10 17:00:00','2020-10-10 17:00:00','832d3aac24743c50b85e92e507597ac2'),
	(56,'4','c0dedcbf-c704-4e9d-8aa0-d6938e8ebc5b','2020-10-12 19:00:00','2020-10-12 19:00:00','38308f4ff52325c5be41a610274733dd'),
	(57,'3','5a723244-c4a8-488c-b115-2d55b0d2b7d2','2020-10-13 19:00:00','2020-10-13 19:00:00','7388d9c9b5e9238534c692a9d3e3b5aa'),
	(58,'3','edc6955f-fc2e-45f5-9624-97e971d03396','2020-10-12 18:00:00','2020-10-12 18:00:00','5cfd684df6f7be1b24bce80003bbba58'),
	(59,'3','4afe1adf-9ff4-4e33-af81-4eccd8e22c0d','2020-10-11 18:00:00','2020-10-11 18:00:00','18aed4c7c5151f6772e779110cb09307'),
	(60,'3','483899b7-aaa9-45a4-99bc-113839b1364d','2020-10-15 17:00:00','2020-10-15 17:00:00','1e8dbdf1ef64c3e7aedf248a7f5e4a01'),
	(61,'3','acdebaef-c6f6-40a8-969e-72d149b3a305','2020-10-14 18:00:00','2020-10-14 18:00:00','6ff7cf956fa2960dd730dbd12b978c65'),
	(62,'3','17c1d07e-b128-4957-b664-54447231df68','2020-10-15 18:00:00','2020-10-15 18:00:00','95477664c5a5ba0367d1c1af56b9c465'),
	(63,'3','e667e50e-97a4-4a30-a22e-a6e9ee1d005f','2020-10-11 17:00:00','2020-10-11 17:00:00','f863e0e104f863d79410703dc18ff1aa'),
	(64,'3','8aa261ad-ee42-4c7f-b066-389daf5dc631','2020-10-16 18:00:00','2020-10-16 18:00:00','4ec6ce4b7dde2702829fe3945779b721'),
	(65,'3','b0d03021-4f53-4ed9-99bd-00f296e552ec','2020-10-13 17:00:00','2020-10-13 17:00:00','96458e485926edc88332ecdc575af967'),
	(66,'3','a9220b17-8e63-4528-8d3d-6bb2428f5310','2020-10-17 17:00:00','2020-10-17 17:00:00','f73af20eccf1d675bf2cbea786bf70db'),
	(67,'3','66daf4bc-5b59-4546-ae6b-14da574e86d1','2020-10-12 17:00:00','2020-10-12 17:00:00','f5184887a674c3afa277545e65d40260'),
	(68,'3','1390a307-f3d2-4c5f-82ed-675f3c540712','2020-10-16 17:00:00','2020-10-16 17:00:00','d58c30cd3ab9431d24b1841a2ec80aa2'),
	(69,'3','be71a75a-5a09-41be-a5c8-eb13a7d6a577','2020-10-17 17:00:00','2020-10-17 17:00:00','f73af20eccf1d675bf2cbea786bf70db'),
	(70,'3','9f7382c1-097f-4e5c-b832-4790fdea5a70','2020-10-14 17:00:00','2020-10-14 17:00:00','f50484136ffdd5574fbdbf4fa3d60439'),
	(71,'3','366aed2b-0985-4f66-95d9-cb0045bb2e60','2020-10-18 17:00:00','2020-10-18 17:00:00','ab58fa8d5f8989c4c2c9638804aff421'),
	(72,'1','a0dd3861-ace8-4946-8a57-699d628f9624','2020-10-10 15:00:00','2020-10-10 15:00:00','c477a39ed5f521cb7624dbbd3e5c4670'),
	(73,'1','1543246b-4ee3-4f60-8e30-221d61689971','2020-10-12 16:00:00','2020-10-12 16:00:00','91ffeee031f894106e934f1627e8e09d'),
	(74,'1','d6dff0bf-4714-48b3-a52f-d393170fa289','2020-10-11 16:00:00','2020-10-11 16:00:00','99663c35d73730b9f518141c17392bfd'),
	(75,'1','00baff33-5595-4c82-aa3c-11dc0bde1a2a','2020-10-10 16:00:00','2020-10-10 16:00:00','de1e60d2dc43854a01163d05f41263b6'),
	(76,'1','580a3e49-65cb-4e10-b584-469a7e0ea72b','2020-10-13 15:00:00','2020-10-13 15:00:00','fa11b73c994493027783dbdff74295f0'),
	(77,'1','b2059800-f7ba-4c39-ab90-59548275b107','2020-10-13 16:00:00','2020-10-13 16:00:00','7524855854a2e321fc110f5506fa432c'),
	(78,'1','577dfa7f-772a-4066-b96e-4fa08228a548','2020-10-15 15:00:00','2020-10-15 15:00:00','a138ffb4775de79670bf65ba207ca6e1'),
	(79,'1','4e1d2e44-8852-414c-b43b-11f44af0df79','2020-10-14 17:00:00','2020-10-14 17:00:00','cb687f897d088edb39d038d06783231b'),
	(80,'3','072ff688-098e-4f18-951c-c674df3d5d54','2020-10-18 19:00:00','2020-10-18 19:00:00','3a49bc147fc561d7edca8fd134a9e7b1'),
	(81,'1','a14bd01e-5364-4de1-b85a-8445e6b0a67a','2020-10-12 17:00:00','2020-10-12 17:00:00','294a311e73ba9aecd70b6e9831599c25'),
	(82,'1','0b290c6f-5941-4c23-9546-524ba78e4302','2020-10-11 17:00:00','2020-10-11 17:00:00','f863e0e104f863d79410703dc18ff1aa'),
	(83,'1','d9561178-d026-494a-8dab-91d53dace8d4','2020-10-17 17:00:00','2020-10-17 17:00:00','cafc66c0301c535a79573c7d1bf13b20'),
	(84,'1','39887678-fd5e-4cb1-aba4-be1512699d56','2020-10-15 17:00:00','2020-10-15 17:00:00','860be14f4313a3e0cbba26515049a7e5'),
	(85,'1','ce85ee5c-a423-45fa-be4f-c3f0c7b468e9','2020-10-14 15:00:00','2020-10-14 15:00:00','0da4740beca7181fcf30f968bd097301'),
	(86,'1','5fbcfd94-ce5e-41d9-8de2-5072f0478b9b','2020-10-18 15:00:00','2020-10-18 15:00:00','7ee18d18e55a3d1f2cedb28aa3f48b53'),
	(87,'1','573e790c-28bf-42cb-98d6-35897088e9ef','2020-10-16 16:00:00','2020-10-16 16:00:00','43f8b6912508ced9409037690909bbc4'),
	(88,'1','c83618a7-1011-469b-9164-8b5bb05f477d','2020-10-18 16:00:00','2020-10-18 16:00:00','b7d9852eca41eaa0a4a3a762a5573b31'),
	(89,'1','35258284-46aa-4c77-ad10-d5b147a8e542','2020-10-17 16:00:00','2020-10-17 16:00:00','821251cbd8160517285d5e0700b17507'),
	(90,'1','1b4e2ecb-6114-4329-98b6-c7319c3c1aae','2020-10-16 15:00:00','2020-10-16 15:00:00','4a60f0dc667aa0a33400ccdc253490db');

/*!40000 ALTER TABLE `event_user` ENABLE KEYS */;
UNLOCK TABLES;


# user table seed data
# ------------------------------------------------------------

LOCK TABLES `user` WRITE;
/*!40000 ALTER TABLE `user` DISABLE KEYS */;

INSERT INTO `user` (`id`, `user_id`, `name`, `workDayStart`, `workDayEnd`, `workWeekStart`, `workWeekEnd`, `time_zone`, `events`, `active`, `created`, `updated`)
VALUES
	(1,'5','Potato Aurora',16,1,1,5,'America/Los_Angeles',NULL,1,'2020-10-21 20:56:00',NULL),
	(2,'2','Gilbert Sandy',16,1,1,5,'America/Los_Angeles',NULL,1,'2020-10-21 20:56:00',NULL),
	(3,'4','Wilco Wilco',16,1,1,5,'America/Los_Angeles',NULL,1,'2020-10-21 20:56:00',NULL),
	(4,'1','Wilco Bopp',16,1,1,4,'America/Chicago',NULL,1,'2020-10-21 20:56:00',NULL),
	(5,'3','Bumpkin Bumpkin',16,1,1,5,'America/Los_Angeles',NULL,1,'2020-10-21 20:56:00',NULL);

/*!40000 ALTER TABLE `user` ENABLE KEYS */;
UNLOCK TABLES;

/*!40111 SET SQL_NOTES=@OLD_SQL_NOTES */;
/*!40101 SET SQL_MODE=@OLD_SQL_MODE */;
/*!40014 SET FOREIGN_KEY_CHECKS=@OLD_FOREIGN_KEY_CHECKS */;
/*!40101 SET CHARACTER_SET_CLIENT=@OLD_CHARACTER_SET_CLIENT */;
/*!40101 SET CHARACTER_SET_RESULTS=@OLD_CHARACTER_SET_RESULTS */;
/*!40101 SET COLLATION_CONNECTION=@OLD_COLLATION_CONNECTION */;
